Date,AAPL,AMZN,GOOG,MSFT,TSLA
2022-01-03,178.443115234375,170.4044952392578,144.0884552001953,324.5045471191406,399.9266662597656
2022-01-04,176.17840576171875,167.52200317382812,143.43495178222656,318.9402770996094,383.1966552734375
2022-01-05,171.4920654296875,164.35699462890625,136.71791076660156,306.6968078613281,362.7066650390625
2022-01-06,168.62930297851562,163.25399780273438,136.61611938476562,304.27337646484375,354.8999938964844
2022-01-07,168.7959747314453,162.5540008544922,136.0733184814453,304.42840576171875,342.32000732421875
2022-01-10,168.81556701660156,161.48599243164062,137.6321563720703,304.6514587402344,352.7066650390625
2022-01-11,171.64895629882812,165.36199951171875,139.06582641601562,305.33966064453125,354.79998779296875
2022-01-12,172.09014892578125,165.20700073242188,140.6852569580078,308.5289306640625,368.739990234375
2022-01-13,168.81556701660156,161.21400451660156,138.18536376953125,295.4712829589844,343.85333251953125
2022-01-14,169.6783447265625,162.13800048828125,138.83641052246094,300.70599365234375,349.8699951171875
2022-01-18,166.47242736816406,158.91749572753906,135.3641815185547,293.38702392578125,343.5033264160156
2022-01-19,162.97238159179688,156.2989959716797,134.72999572753906,294.0462341308594,331.8833312988281
2022-01-20,161.2860870361328,151.66749572753906,132.59909057617188,292.36920166015625,332.0899963378906
2022-01-21,159.22720336914062,142.64300537109375,129.20777893066406,286.9697265625,314.6333312988281
2022-01-24,158.4527130126953,144.54400634765625,129.48590087890625,287.2992858886719,310.0
2022-01-25,156.64878845214844,139.98599243164062,125.87411499023438,279.6604309082031,306.1333312988281
2022-01-26,156.560546875,138.87249755859375,128.36158752441406,287.6288146972656,312.4700012207031
2022-01-27,156.09976196289062,139.6374969482422,128.243408203125,290.6631164550781,276.3666687011719
2022-01-28,166.99200439453125,143.97799682617188,132.38357543945312,298.8254089355469,282.1166687011719
2022-01-31,171.3548126220703,149.57350158691406,134.77618408203125,301.46209716796875,312.239990234375
2022-02-01,171.18812561035156,151.19349670410156,136.9413604736328,299.31005859375,310.4166564941406
2022-02-02,172.39401245117188,150.6125030517578,147.0303497314453,303.8662109375,301.88665771484375
2022-02-03,169.5116424560547,138.8455047607422,141.68092346191406,292.0299377441406,297.0466613769531
2022-02-04,169.22695922851562,157.63949584960938,142.04396057128906,296.57635498046875,307.7733459472656
2022-02-07,168.5103759765625,157.9355010986328,137.99368286132812,291.73907470703125,302.4466552734375
2022-02-08,171.62220764160156,161.4134979248047,138.26681518554688,295.23858642578125,307.3333435058594
2022-02-09,173.04562377929688,161.1894989013672,140.4915771484375,301.6850891113281,310.6666564941406
2022-02-10,168.96194458007812,159.0034942626953,137.6604461669922,293.1253662109375,301.51666259765625
2022-02-11,165.54580688476562,153.2935028076172,133.21835327148438,286.0100402832031,286.6666564941406
2022-02-14,165.78138732910156,155.16700744628906,134.38040161132812,285.97119140625,291.9200134277344
2022-02-15,169.61964416503906,156.510498046875,135.49827575683594,291.2737731933594,307.4766540527344
2022-02-16,169.38404846191406,158.10049438476562,136.55303955078125,290.933837890625,307.7966613769531
2022-02-17,165.78138732910156,154.65249633789062,131.40924072265625,282.4146728515625,292.1166687011719
2022-02-18,164.23036193847656,152.60150146484375,129.58074951171875,279.6947021484375,285.6600036621094
2022-02-22,161.30506896972656,150.19749450683594,128.52297973632812,279.49078369140625,273.84332275390625
2022-02-23,157.133056640625,144.82699584960938,126.71783447265625,272.2538146972656,254.67999267578125
2022-02-24,159.75404357910156,151.35800170898438,131.77175903320312,286.1642150878906,266.92333984375
2022-02-25,161.82533264160156,153.7884979248047,133.6051788330078,288.8064270019531,269.9566650390625
2022-02-28,162.09036254882812,153.56300354003906,133.97418212890625,290.2441101074219,290.1433410644531
2022-03-01,160.20559692382812,151.14199829101562,133.256103515625,286.51397705078125,288.1233215332031
2022-03-02,163.50396728515625,152.05250549316406,133.8356170654297,291.60406494140625,293.2966613769531
2022-03-03,163.18003845214844,147.89849853515625,133.3951416015625,287.4562072753906,279.7633361816406
2022-03-04,160.17611694335938,145.64100646972656,131.22401428222656,281.5694885253906,279.42999267578125
2022-03-07,156.37713623046875,137.4530029296875,125.60494995117188,270.93267822265625,268.1933288574219
2022-03-08,154.55128479003906,136.01449584960938,126.4134292602539,267.96026611328125,274.79998779296875
2022-03-09,159.96018981933594,139.2790069580078,132.95614624023438,280.2484130859375,286.3233337402344
2022-03-10,155.61148071289062,146.8175048828125,131.7801971435547,277.4216613769531,279.4333190917969
2022-03-11,151.8909912109375,145.52450561523438,129.58868408203125,272.0596008300781,265.1166687011719
2022-03-14,147.8563995361328,141.85299682617188,125.87957000732422,268.5333251953125,255.4566650390625
2022-03-15,152.244384765625,147.3665008544922,128.7792205810547,278.93701171875,267.2966613769531
2022-03-16,156.66184997558594,153.10400390625,132.78184509277344,285.9700012207031,280.07666015625
2022-03-17,157.67294311523438,157.23899841308594,133.6856231689453,286.77618408203125,290.5333251953125
2022-03-18,160.9713134765625,161.25050354003906,135.8717041015625,291.8371887207031,301.7966613769531
2022-03-21,162.34559631347656,161.4915008544922,135.5509033203125,290.603515625,307.0533447265625
2022-03-22,165.7224884033203,164.88900756835938,139.32406616210938,295.3633728027344,331.32666015625
2022-03-23,167.08702087402344,163.4080047607422,137.56211853027344,290.9241027832031,333.03668212890625
2022-03-24,170.8761749267578,163.64950561523438,140.35154724121094,295.4022521972656,337.97332763671875
2022-03-25,171.51425170898438,164.77349853515625,140.55960083007812,294.9942321777344,336.8800048828125
2022-03-28,172.37811279296875,168.99049377441406,140.98519897460938,301.8134765625,363.9466552734375
2022-03-29,175.67645263671875,169.31500244140625,142.27638244628906,306.3887023925781,366.5233459472656
2022-03-30,174.50831604003906,166.30099487304688,141.67498779296875,304.883056640625,364.663330078125
2022-03-31,171.40625,162.99749755859375,138.70033264160156,299.4917907714844,359.20001220703125
2022-04-01,171.11178588867188,163.55999755859375,139.7436981201172,300.570068359375,361.5299987792969
2022-04-04,175.16598510742188,168.34649658203125,142.66619873046875,305.9613342285156,381.8166809082031
2022-04-05,171.84800720214844,164.05499267578125,140.10423278808594,301.9882507324219,363.7533264160156
2022-04-06,168.67726135253906,158.75599670410156,136.24363708496094,290.933837890625,348.586669921875
2022-04-07,168.98153686523438,157.7845001220703,135.53749084472656,292.7502746582031,352.4200134277344
2022-04-08,166.96920776367188,154.4604949951172,133.0996551513672,288.4761657714844,341.8299865722656
2022-04-11,162.7088165283203,151.1219940185547,128.91429138183594,277.10113525390625,325.30999755859375
2022-04-12,164.5837860107422,150.78750610351562,127.5019760131836,273.9925842285156,328.98333740234375
2022-04-13,167.2734832763672,155.54100036621094,129.4004669189453,279.39361572265625,340.7900085449219
2022-04-14,162.2572784423828,151.7064971923828,126.38809967041016,271.8263854980469,328.3333435058594
2022-04-18,162.04129028320312,152.78500366210938,127.09127807617188,272.4967041015625,334.7633361816406
2022-04-19,164.32855224609375,158.11549377441406,129.64381408691406,277.1399230957031,342.7166748046875
2022-04-20,164.16165161132812,153.9980010986328,127.37384796142578,278.16961669921875,325.73333740234375
2022-04-21,163.3665313720703,148.29600524902344,124.08833312988281,272.7783508300781,336.260009765625
2022-04-22,158.82147216796875,144.35000610351562,118.80101013183594,266.1922912597656,335.01666259765625
2022-04-25,159.89151000976562,146.07400512695312,122.41230010986328,272.69091796875,332.67333984375
2022-04-26,153.92303466796875,139.39100646972656,118.6937484741211,262.4912109375,292.1400146484375
2022-04-27,153.69725036621094,138.16700744628906,114.23873901367188,275.1194152832031,293.836669921875
2022-04-28,160.63755798339844,144.59649658203125,118.59988403320312,281.3460998535156,292.5033264160156
2022-04-29,154.75741577148438,124.28150177001953,114.18510437011719,269.5824279785156,290.2533264160156
2022-05-02,155.061767578125,124.5,116.36071014404297,276.33367919921875,300.9800109863281
2022-05-03,156.55384826660156,124.25350189208984,117.32660675048828,273.7205810546875,303.0833435058594
2022-05-04,162.97389221191406,125.92849731445312,121.74188995361328,281.6861267089844,317.5400085449219
2022-05-05,153.8936004638672,116.40699768066406,115.9530029296875,269.4173583984375,291.09332275390625
2022-05-06,154.62107849121094,114.77249908447266,114.87389373779297,266.87225341796875,288.54998779296875
2022-05-09,149.48931884765625,108.78900146484375,112.31539154052734,257.0125732421875,262.3699951171875
2022-05-10,151.89791870117188,108.85900115966797,113.80569458007812,261.7918395996094,266.67999267578125
2022-05-11,144.02330017089844,105.37200164794922,113.18643188476562,253.09780883789062,244.6666717529297
2022-05-12,140.14991760253906,106.93049621582031,112.3918685913086,248.04656982421875,242.6666717529297
2022-05-13,144.62303161621094,113.05500030517578,115.72357177734375,253.6515350341797,256.5299987792969
2022-05-16,143.07952880859375,110.81050109863281,114.01227569580078,254.02066040039062,241.4566650390625
2022-05-17,146.7169952392578,115.36849975585938,115.90830993652344,259.1885070800781,253.8699951171875
2022-05-18,138.43936157226562,107.11250305175781,111.63704681396484,247.38775634765625,236.60333251953125
2022-05-19,135.0279998779297,107.31900024414062,109.99279022216797,246.4724884033203,236.47332763671875
2022-05-20,135.26394653320312,107.59100341796875,108.57003784179688,245.90774536132812,221.3000030517578
2022-05-23,140.69064331054688,107.55699920654297,110.90751647949219,253.78465270996094,224.96665954589844
2022-05-24,137.9871063232422,104.0999984741211,105.2060546875,252.78182983398438,209.3866729736328
2022-05-25,138.14442443847656,106.7750015258789,105.12013244628906,255.60545349121094,219.60000610351562
2022-05-26,141.34930419921875,111.07749938964844,107.55994415283203,258.8963928222656,235.91000366210938
2022-05-27,147.11021423339844,115.14649963378906,112.03234100341797,266.04302978515625,253.2100067138672
2022-05-31,146.32374572753906,120.20950317382812,113.26390838623047,264.7091979980469,252.75332641601562
2022-06-01,146.19595336914062,121.68399810791016,113.36123657226562,265.24468994140625,246.7899932861328
2022-06-02,148.65371704101562,125.51100158691406,116.94571685791016,267.3477478027344,258.3333435058594
2022-06-03,142.9222412109375,122.3499984741211,113.78533172607422,262.9079284667969,234.51666259765625
2022-06-06,143.66941833496094,124.79000091552734,116.2152099609375,261.6713562011719,238.27999877929688
2022-06-07,146.19595336914062,123.0,116.4327163696289,265.3226013183594,238.8866729736328
2022-06-08,145.45863342285156,121.18000030517578,116.441162109375,263.28759765625,241.86666870117188
2022-06-09,140.2285614013672,116.1500015258789,114.1369400024414,257.815673828125,239.7066650390625
2022-06-10,134.81175231933594,109.6500015258789,110.67015075683594,246.32644653320312,232.22999572753906
2022-06-13,129.65049743652344,103.66999816894531,106.15009307861328,235.8790740966797,215.73666381835938
2022-06-14,130.51559448242188,102.30999755859375,106.4654312133789,238.0503387451172,220.88999938964844
2022-06-15,133.14044189453125,107.66999816894531,109.64021301269531,245.1288299560547,233.0
2022-06-16,127.8612289428711,103.66000366210938,105.91122436523438,238.51768493652344,213.10000610351562
2022-06-17,129.33587646484375,106.22000122070312,107.13236236572266,241.1270751953125,216.75999450683594
2022-06-21,133.57302856445312,108.68000030517578,111.25366973876953,247.0567169189453,237.0366668701172
2022-06-22,133.06182861328125,108.94999694824219,111.27252197265625,246.4627685546875,236.086669921875
2022-06-23,135.9324493408203,112.44000244140625,111.91861724853516,252.0418243408203,235.07000732421875
2022-06-24,139.26516723632812,116.45999908447266,117.73233032226562,260.64898681640625,245.7066650390625
2022-06-27,139.26516723632812,113.22000122070312,115.829833984375,257.91302490234375,244.9199981689453
2022-06-28,135.1165008544922,107.4000015258789,111.80638122558594,249.72454833984375,232.663330078125
2022-06-29,136.87623596191406,108.91999816894531,111.49352264404297,253.40493774414062,228.49000549316406
2022-06-30,134.40867614746094,106.20999908447266,108.62911987304688,250.06529235839844,224.47332763671875
2022-07-01,136.581298828125,109.55999755859375,108.339599609375,252.7428436279297,227.26333618164062
2022-07-05,139.1668243408203,113.5,113.11294555664062,255.92672729492188,233.06666564941406
2022-07-06,140.5038299560547,114.33000183105469,114.43042755126953,259.1982116699219,231.73333740234375
2022-07-07,143.87586975097656,116.33000183105469,118.49510955810547,261.33050537109375,244.5433349609375
2022-07-08,144.55419921875,115.54000091552734,119.35173797607422,260.6099853515625,250.76333618164062
2022-07-11,142.42086791992188,111.75,115.73052978515625,257.5429992675781,234.3433380126953
2022-07-12,143.39413452148438,109.22000122070312,114.06889343261719,246.98854064941406,233.07000732421875
2022-07-13,143.0303955078125,110.4000015258789,111.42449188232422,246.06356811523438,237.0399932861328
2022-07-14,145.9600372314453,110.62999725341797,110.68257904052734,247.38775634765625,238.31333923339844
2022-07-15,147.63125610351562,113.55000305175781,112.00054931640625,249.95819091796875,240.06666564941406
2022-07-18,144.5836944580078,113.76000213623047,109.16297149658203,247.5532684326172,240.54666137695312
2022-07-19,148.4472198486328,118.20999908447266,113.84095764160156,252.69422912597656,245.52999877929688
2022-07-20,150.45274353027344,122.7699966430664,113.92041015625,255.3619842529297,247.5
2022-07-21,152.72372436523438,124.62999725341797,114.25809478759766,257.86431884765625,271.7066650390625
2022-07-22,151.48501586914062,122.41999816894531,107.62349700927734,253.5023193359375,272.24334716796875
2022-07-25,150.3642578125,121.13999938964844,107.47453308105469,252.01260375976562,268.4333190917969
2022-07-26,149.03709411621094,114.80999755859375,104.72335815429688,245.26513671875,258.8599853515625
2022-07-27,154.1393585205078,120.97000122070312,112.82789611816406,261.66156005859375,274.82000732421875
2022-07-28,154.68991088867188,122.27999877929688,113.8111572265625,269.129638671875,280.8999938964844
2022-07-29,159.76266479492188,134.9499969482422,115.84722900390625,273.3454895019531,297.1499938964844
2022-08-01,158.779541015625,135.38999938964844,114.69511413574219,270.68743896484375,297.27667236328125
2022-08-02,157.30491638183594,134.16000366210938,115.11225891113281,267.5814514160156,300.586669921875
2022-08-03,163.32147216796875,139.52000427246094,117.97268676757812,275.0299072265625,307.39666748046875
2022-08-04,163.00686645507812,142.57000732421875,118.06206512451172,276.1789245605469,308.6333312988281
2022-08-05,162.7804718017578,140.8000030517578,117.41648864746094,275.4584045410156,288.1700134277344
2022-08-08,162.30789184570312,139.41000366210938,117.3370361328125,272.9366760253906,290.42333984375
2022-08-09,162.35714721679688,137.8300018310547,116.70138549804688,274.8643493652344,283.3333435058594
2022-08-10,166.61001586914062,142.69000244140625,119.8299789428711,281.54376220703125,294.3566589355469
2022-08-11,165.8716583251953,140.63999938964844,119.00560760498047,279.4601135253906,286.6300048828125
2022-08-12,169.42555236816406,143.5500030517578,121.8163833618164,284.2213439941406,300.0299987792969
2022-08-15,170.4986114501953,143.17999267578125,122.0448226928711,285.7402648925781,309.32000732421875
2022-08-16,170.34109497070312,144.77999877929688,121.67733764648438,285.0002136230469,306.5633239746094
2022-08-17,171.8374481201172,142.10000610351562,119.5022201538086,284.2489318847656,303.9966735839844
2022-08-18,171.44371032714844,142.3000030517578,120.03854370117188,283.1268615722656,302.8699951171875
2022-08-19,168.8545379638672,138.22999572753906,117.31717681884766,279.2044372558594,296.6666564941406
2022-08-22,164.9659423828125,133.22000122070312,114.28789520263672,271.00836181640625,289.913330078125
2022-08-23,164.6312255859375,133.6199951171875,113.98994445800781,269.7301330566406,296.4533386230469
2022-08-24,164.9265594482422,133.8000030517578,113.92041015625,269.09588623046875,297.0966796875
2022-08-25,167.3877410888672,137.27999877929688,116.90001678466797,272.0815734863281,296.07000732421875
2022-08-26,161.07730102539062,130.75,110.54351806640625,261.5827331542969,288.0899963378906
2022-08-29,158.8721466064453,129.7899932861328,109.59004211425781,258.7922058105469,284.82000732421875
2022-08-30,156.44053649902344,128.72999572753906,109.16297149658203,256.5870666503906,277.70001220703125
2022-08-31,154.7767791748047,126.7699966430664,108.40813446044922,255.12347412109375,275.6099853515625
2022-09-01,155.50531005859375,127.81999969482422,109.79862213134766,254.07943725585938,277.1600036621094
2022-09-02,153.388671875,127.51000213623047,107.94132995605469,249.8447723388672,270.2099914550781
2022-09-06,152.12860107421875,126.11000061035156,106.74948120117188,247.10299682617188,274.4200134277344
2022-09-07,153.536376953125,129.47999572753906,109.72908782958984,251.8254852294922,283.70001220703125
2022-09-08,152.05966186523438,129.82000732421875,108.67630767822266,252.2450408935547,289.260009765625
2022-09-09,154.9244384765625,133.27000427246094,111.02025604248047,258.0408935546875,299.67999267578125
2022-09-12,160.89027404785156,136.4499969482422,111.10964965820312,260.177734375,304.4200134277344
2022-09-13,151.44932556152344,126.81999969482422,104.59423065185547,245.87356567382812,292.1300048828125
2022-09-14,152.89646911621094,128.5500030517578,105.15042114257812,246.0980224609375,302.6099853515625
2022-09-15,150.00216674804688,126.27999877929688,103.19381713867188,239.4239959716797,303.75
2022-09-16,148.3581085205078,123.52999877929688,102.92564392089844,238.79953002929688,303.3500061035156
2022-09-19,152.079345703125,124.66000366210938,103.14415740966797,238.58489990234375,309.07000732421875
2022-09-20,154.4617462158203,122.19000244140625,101.13788604736328,236.5651092529297,308.7300109863281
2022-09-21,151.3311767578125,118.54000091552734,99.33025360107422,233.15008544921875,300.79998779296875
2022-09-22,150.3663787841797,117.30999755859375,99.8864517211914,235.1308135986328,288.5899963378906
2022-09-23,148.09228515625,113.77999877929688,98.4959716796875,232.14508056640625,275.3299865722656
2022-09-26,148.42703247070312,115.1500015258789,98.13842010498047,231.6864776611328,276.010009765625
2022-09-27,149.401611328125,114.41000366210938,97.42330932617188,230.67176818847656,282.94000244140625
2022-09-28,147.51144409179688,118.01000213623047,100.0552978515625,235.21861267089844,287.80999755859375
2022-09-29,140.26583862304688,114.80000305175781,97.42330932617188,231.7352752685547,268.2099914550781
2022-09-30,136.05235290527344,113.0,95.49649810791016,227.2469482421875,265.25
2022-10-03,140.236328125,115.87999725341797,98.62508392333984,234.89662170410156,242.39999389648438
2022-10-04,143.82960510253906,121.08999633789062,101.71395874023438,242.83905029296875,249.44000244140625
2022-10-05,144.12489318847656,120.94999694824219,101.52523803710938,243.1512908935547,240.80999755859375
2022-10-06,143.16998291015625,120.30000305175781,101.54509735107422,240.79978942871094,238.1300048828125
2022-10-07,137.91299438476562,114.55999755859375,98.89324951171875,228.5543975830078,223.07000732421875
2022-10-10,138.2378692626953,113.66999816894531,98.03909301757812,223.68551635742188,222.9600067138672
2022-10-11,136.8202362060547,112.20999908447266,97.38358306884766,219.9387664794922,216.5
2022-10-12,136.19017028808594,112.9000015258789,97.63187408447266,220.27049255371094,217.24000549316406
2022-10-13,140.76792907714844,112.52999877929688,99.03230285644531,228.5543975830078,221.72000122070312
2022-10-14,136.2295684814453,106.9000015258789,96.51950073242188,223.01226806640625,204.99000549316406
2022-10-17,140.19692993164062,113.79000091552734,100.09501647949219,231.76455688476562,219.35000610351562
2022-10-18,141.51609802246094,116.36000061035156,100.70087432861328,232.71099853515625,220.19000244140625
2022-10-19,141.62440490722656,115.06999969482422,99.60834503173828,230.74005126953125,222.0399932861328
2022-10-20,141.16168212890625,115.25,99.84673309326172,230.4180450439453,207.27999877929688
2022-10-21,144.98143005371094,119.31999969482422,100.79027557373047,236.2431182861328,214.44000244140625
2022-10-24,147.12753295898438,119.81999969482422,102.27012634277344,241.24862670898438,211.25
2022-10-25,149.97262573242188,120.5999984741211,104.21681213378906,244.57586669921875,222.4199981689453
2022-10-26,147.029052734375,115.66000366210938,94.17552947998047,225.7052764892578,224.63999938964844
2022-10-27,142.54977416992188,110.95999908447266,91.97062683105469,221.2462158203125,225.08999633789062
2022-10-28,153.3197784423828,103.41000366210938,95.92356872558594,230.1448211669922,228.52000427246094
2022-10-31,150.95706176757812,102.44000244140625,94.01661682128906,226.49562072753906,227.5399932861328
2022-11-01,148.30886840820312,96.79000091552734,89.88489532470703,222.6317138671875,227.82000732421875
2022-11-02,142.7761993408203,92.12000274658203,86.47821044921875,214.75762939453125,214.97999572753906
2022-11-03,136.7217559814453,89.30000305175781,82.92252349853516,209.0496063232422,215.30999755859375
2022-11-04,136.45555114746094,90.9800033569336,86.1107177734375,216.0163116455078,207.47000122070312
2022-11-07,136.98802185058594,90.52999877929688,88.0474624633789,222.33900451660156,197.0800018310547
2022-11-08,137.5599822998047,89.9800033569336,88.30570220947266,223.31475830078125,191.3000030517578
2022-11-09,132.99432373046875,86.13999938964844,86.80596160888672,219.06056213378906,177.58999633789062
2022-11-10,144.82748413085938,96.62999725341797,93.52993774414062,237.08226013183594,190.72000122070312
2022-11-11,147.61810302734375,100.79000091552734,96.07255554199219,241.11203002929688,195.97000122070312
2022-11-14,146.21786499023438,98.48999786376953,95.37730407714844,235.6869659423828,190.9499969482422
2022-11-15,147.95338439941406,98.94000244140625,98.04901885986328,236.09678649902344,194.4199981689453
2022-11-16,146.72076416015625,97.12000274658203,98.31719207763672,236.52732849121094,186.9199981689453
2022-11-17,148.6239471435547,94.8499984741211,97.83052825927734,236.47837829589844,183.1699981689453
2022-11-18,149.1859588623047,94.13999938964844,97.13528442382812,236.02830505371094,180.19000244140625
2022-11-21,145.9516143798828,92.45999908447266,95.17866516113281,236.84042358398438,167.8699951171875
2022-11-22,148.09141540527344,93.19999694824219,96.66847229003906,239.75628662109375,169.91000366210938
2022-11-23,148.96908569335938,94.12999725341797,98.14834594726562,242.25143432617188,183.1999969482422
2022-11-25,146.0502166748047,93.41000366210938,96.9366455078125,242.163330078125,182.86000061035156
2022-11-28,142.21432495117188,93.94999694824219,95.59580993652344,236.556640625,182.9199981689453
2022-11-29,139.20675659179688,92.41999816894531,94.79132080078125,235.1574249267578,180.8300018310547
2022-11-30,145.9713134765625,96.54000091552734,100.76046752929688,249.64871215820312,194.6999969482422
2022-12-01,146.24746704101562,95.5,100.59162902832031,249.20835876464844,194.6999969482422
2022-12-02,145.75440979003906,94.12999725341797,100.14468383789062,249.53126525878906,194.86000061035156
2022-12-05,144.5908203125,91.01000213623047,99.19120788574219,244.81500244140625,182.4499969482422
2022-12-06,140.92254638671875,88.25,96.64860534667969,239.84432983398438,179.82000732421875
2022-12-07,138.97994995117188,88.45999908447266,94.50328826904297,239.11048889160156,174.0399932861328
2022-12-08,140.66615295410156,90.3499984741211,93.31144714355469,242.0752716064453,173.44000244140625
2022-12-09,140.1829833984375,89.08999633789062,92.43743896484375,240.1378936767578,179.0500030517578
2022-12-12,142.4805908203125,90.55000305175781,92.92408752441406,247.0752716064453,167.82000732421875
2022-12-13,143.4469451904297,92.48999786376953,95.19853210449219,251.39039611816406,160.9499969482422
2022-12-14,141.21836853027344,91.58000183105469,94.66220092773438,251.6839141845703,156.8000030517578
2022-12-15,134.6016845703125,88.44999694824219,90.58013916015625,243.65065002441406,157.6699981689453
2022-12-16,132.6393585205078,87.86000061035156,90.24244689941406,239.42356872558594,150.22999572753906
2022-12-19,130.52911376953125,84.91999816894531,88.5440673828125,235.27484130859375,149.8699951171875
2022-12-20,130.4600830078125,85.19000244140625,89.02081298828125,236.59579467773438,137.8000030517578
2022-12-21,133.5662841796875,86.7699966430664,89.63658905029297,239.169189453125,137.57000732421875
2022-12-22,130.39105224609375,83.79000091552734,87.66011047363281,233.0634765625,125.3499984741211
2022-12-23,130.02622985839844,85.25,89.1995849609375,233.59190368652344,123.1500015258789
2022-12-27,128.22164916992188,83.04000091552734,87.33236694335938,231.85995483398438,109.0999984741211
2022-12-28,124.28715515136719,81.81999969482422,85.87236022949219,229.4822540283203,112.70999908447266
2022-12-29,127.80750274658203,84.18000030517578,88.34542846679688,235.82278442382812,121.81999969482422
2022-12-30,128.123046875,84.0,88.1269302368164,234.6584014892578,123.18000030517578
2023-01-03,123.33065032958984,85.81999969482422,89.09032440185547,234.42355346679688,108.0999984741211
2023-01-04,124.60271453857422,85.13999938964844,88.10706329345703,224.1691436767578,113.63999938964844
2023-01-05,123.28134155273438,83.12000274658203,86.18023681640625,217.5252685546875,110.33999633789062
2023-01-06,127.81734466552734,86.08000183105469,87.560791015625,220.0888671875,113.05999755859375
2023-01-09,128.3400115966797,87.36000061035156,88.19644165039062,222.23175048828125,119.7699966430664
2023-01-10,128.9119110107422,89.87000274658203,88.63346099853516,223.92453002929688,118.8499984741211
2023-01-11,131.63356018066406,95.08999633789062,91.6329345703125,230.6956024169922,123.22000122070312
2023-01-12,131.55467224121094,95.2699966430664,91.28531646728516,233.37657165527344,123.55999755859375
2023-01-13,132.88587951660156,98.12000274658203,92.16926574707031,234.08111572265625,122.4000015258789
2023-01-17,134.0494842529297,96.05000305175781,91.53362274169922,235.177001953125,131.49000549316406
2023-01-18,133.3296356201172,95.45999908447266,91.15619659423828,230.7347412109375,128.77999877929688
2023-01-19,133.3887939453125,93.68000030517578,93.271728515625,226.938232421875,127.16999816894531
2023-01-20,135.95263671875,97.25,98.60521697998047,235.0498046875,133.4199981689453
2023-01-23,139.14756774902344,97.5199966430664,100.5220947265625,237.3590087890625,143.75
2023-01-24,140.54782104492188,96.31999969482422,98.53569030761719,236.83065795898438,143.88999938964844
2023-01-25,139.8871612548828,97.18000030517578,96.07255554199219,235.43142700195312,144.42999267578125
2023-01-26,141.9579620361328,99.22000122070312,98.48603057861328,242.66232299804688,160.27000427246094
2023-01-27,143.9005584716797,102.23999786376953,100.02549743652344,242.81890869140625,177.89999389648438
2023-01-30,141.0112762451172,100.55000305175781,97.28425598144531,237.48623657226562,166.66000366210938
2023-01-31,142.28334045410156,103.12999725341797,99.19120788574219,242.47642517089844,173.22000122070312
2023-02-01,143.407470703125,105.1500015258789,100.74060821533203,247.3101348876953,181.41000366210938
2023-02-02,148.72256469726562,112.91000366210938,108.06050872802734,258.9051208496094,188.27000427246094
2023-02-03,152.3513641357422,103.38999938964844,104.50485229492188,252.7895965576172,189.97999572753906
2023-02-06,149.61988830566406,102.18000030517578,102.76673889160156,251.24356079101562,194.75999450683594
2023-02-07,152.499267578125,102.11000061035156,107.3056869506836,261.8013916015625,196.80999755859375
2023-02-08,149.80723571777344,100.05000305175781,99.32032012939453,260.9892578125,201.2899932861328
2023-02-09,148.77182006835938,98.23999786376953,94.81117248535156,257.9461669921875,207.32000732421875
2023-02-10,149.1372528076172,97.61000061035156,94.21526336669922,257.4373779296875,196.88999938964844
2023-02-13,151.94203186035156,99.54000091552734,94.35431671142578,265.48046875,194.63999938964844
2023-02-14,151.30007934570312,99.69999694824219,94.30464935302734,266.3121337890625,209.25
2023-02-15,153.4036865234375,101.16000366210938,96.44003295898438,264.1835632324219,214.24000549316406
2023-02-16,151.80377197265625,98.1500015258789,95.12899780273438,257.15032958984375,202.0399932861328
2023-02-17,150.65817260742188,97.19999694824219,93.94708251953125,253.13829040527344,208.30999755859375
2023-02-21,146.63865661621094,94.58000183105469,91.42435455322266,247.85107421875,197.3699951171875
2023-02-22,147.0633087158203,95.79000091552734,91.17605590820312,246.7132110595703,200.86000061035156
2023-02-23,147.54722595214844,95.81999969482422,90.45101928710938,249.9110565185547,202.07000732421875
2023-02-24,144.8905792236328,93.5,88.74270629882812,244.46688842773438,196.8800048828125
2023-02-27,146.08555603027344,93.76000213623047,89.48760986328125,245.38894653320312,207.6300048828125
2023-02-28,145.58189392089844,94.2300033569336,89.6862564086914,244.66307067871094,205.7100067138672
2023-03-01,143.50794982910156,92.16999816894531,89.89482879638672,241.5731658935547,202.77000427246094
2023-03-02,144.10047912597656,92.12999725341797,91.6825942993164,246.3208465576172,190.89999389648438
2023-03-03,149.1570281982422,94.9000015258789,93.3809585571289,250.42111206054688,197.7899932861328
2023-03-06,151.92230224609375,93.75,94.93037414550781,251.97097778320312,193.80999755859375
2023-03-07,149.71998596191406,93.55000305175781,93.52993774414062,249.30284118652344,187.7100067138672
2023-03-08,150.9741973876953,93.91999816894531,94.0066909790039,248.86143493652344,182.0
2023-03-09,148.72247314453125,92.25,92.03022003173828,247.50779724121094,172.9199981689453
2023-03-10,146.65838623046875,90.7300033569336,90.39142608642578,243.848876953125,173.44000244140625
2023-03-13,148.60397338867188,92.43000030517578,91.0370101928711,249.07725524902344,174.47999572753906
2023-03-14,150.69764709472656,94.87999725341797,93.6093978881836,255.81625366210938,183.25999450683594
2023-03-15,151.0926971435547,96.19999694824219,95.8937759399414,260.3775329589844,180.4499969482422
2023-03-16,153.91725158691406,100.04000091552734,100.383056640625,270.9323425292969,184.1300048828125
2023-03-17,153.0777587890625,98.94999694824219,101.76360321044922,274.1006774902344,180.1300048828125
2023-03-20,155.44801330566406,97.70999908447266,101.23719787597656,267.03802490234375,183.25
2023-03-21,157.30470275878906,100.61000061035156,105.1206283569336,268.5584716796875,197.5800018310547
2023-03-22,155.8726806640625,98.69999694824219,103.51165008544922,267.096923828125,191.14999389648438
2023-03-23,156.95901489257812,98.70999908447266,105.53778076171875,272.364501953125,192.22000122070312
2023-03-24,158.26266479492188,98.12999725341797,105.33912658691406,275.218994140625,190.41000366210938
2023-03-27,156.31707763671875,98.04000091552734,102.35952758789062,271.10888671875,191.80999755859375
2023-03-28,155.6949005126953,97.23999786376953,100.67108154296875,269.9808044433594,189.19000244140625
2023-03-29,158.77622985839844,100.25,101.20740509033203,275.1601257324219,193.8800048828125
2023-03-30,160.34652709960938,102.0,100.63135528564453,278.6325988769531,195.27999877929688
2023-03-31,162.85499572753906,103.29000091552734,103.29312896728516,282.8015441894531,207.4600067138672
2023-04-03,164.10926818847656,102.41000366210938,104.19695281982422,281.751953125,194.77000427246094
2023-04-04,163.57595825195312,103.94999694824219,104.40553283691406,281.7029113769531,192.5800018310547
2023-04-05,161.7291259765625,101.0999984741211,104.23667907714844,278.9170837402344,185.52000427246094
2023-04-06,162.61798095703125,102.05999755859375,108.15984344482422,286.03863525390625,185.05999755859375
2023-04-10,160.0205841064453,102.16999816894531,106.22308349609375,283.8707580566406,184.50999450683594
2023-04-11,158.8058624267578,99.91999816894531,105.39872741699219,277.43585205078125,186.7899932861328
2023-04-12,158.11453247070312,97.83000183105469,104.50485229492188,278.083251953125,180.5399932861328
2023-04-13,163.50680541992188,102.4000015258789,107.45466613769531,284.31219482421875,185.89999389648438
2023-04-14,163.1611785888672,102.51000213623047,108.71602630615234,280.6827697753906,185.0
2023-04-17,163.18089294433594,102.73999786376953,105.69668579101562,283.2919921875,187.0399932861328
2023-04-18,164.405517578125,102.30000305175781,104.40553283691406,282.8702392578125,184.30999755859375
2023-04-19,165.55116271972656,104.30000305175781,104.30620574951172,282.9486999511719,180.58999633789062
2023-04-20,164.58331298828125,103.80999755859375,105.18022918701172,280.65325927734375,162.99000549316406
2023-04-21,162.97354125976562,106.95999908447266,105.19015502929688,280.3099670410156,165.0800018310547
2023-04-24,163.27967834472656,106.20999908447266,106.05423736572266,276.3961181640625,162.5500030517578
2023-04-25,161.73898315429688,102.56999969482422,103.89898681640625,270.1672058105469,160.6699981689453
2023-04-26,161.7291259765625,104.9800033569336,103.74007415771484,289.73675537109375,153.75
2023-04-27,166.3214569091797,109.81999969482422,107.63343811035156,299.0162658691406,160.19000244140625
2023-04-28,167.5757293701172,105.44999694824219,107.48445892333984,301.4000244140625,164.30999755859375
2023-05-01,167.48683166503906,102.05000305175781,106.97792053222656,299.73236083984375,161.8300018310547
2023-05-02,166.4498748779297,103.62999725341797,105.25968933105469,299.5852355957031,160.30999755859375
2023-05-03,165.37338256835938,103.6500015258789,105.39872741699219,298.594482421875,160.61000061035156
2023-05-04,163.73394775390625,104.0,104.49491119384766,299.5852355957031,161.1999969482422
2023-05-05,171.41751098632812,105.66000366210938,105.49308013916016,304.7252197265625,170.05999755859375
2023-05-08,171.34835815429688,105.83000183105469,107.50430297851562,302.763427734375,171.7899932861328
2023-05-09,169.63980102539062,106.62000274658203,107.20635986328125,301.1449279785156,169.14999389648438
2023-05-10,171.40760803222656,110.19000244140625,111.51686096191406,306.3536071777344,168.5399932861328
2023-05-11,171.59524536132812,112.18000030517578,116.10546875,304.1955871582031,172.0800018310547
2023-05-12,170.66563415527344,110.26000213623047,117.1185302734375,303.0773620605469,167.97999572753906
2023-05-15,170.17112731933594,111.19999694824219,116.16504669189453,303.5579833984375,166.35000610351562
2023-05-16,170.17112731933594,113.4000015258789,119.27377319335938,305.79449462890625,166.52000427246094
2023-05-17,170.78427124023438,115.5,120.65433502197266,308.6847229003906,173.86000061035156
2023-05-18,173.1182861328125,118.1500015258789,122.68045806884766,313.12823486328125,176.88999938964844
2023-05-19,173.22705078125,116.25,122.41230010986328,312.9512634277344,180.13999938964844
2023-05-22,172.2776336669922,115.01000213623047,125.01449584960938,315.7431945800781,188.8699951171875
2023-05-23,169.66676330566406,114.98999786376953,122.4520263671875,309.9234313964844,185.77000427246094
2023-05-24,169.9436492919922,116.75,120.81324005126953,308.53729248046875,182.89999389648438
2023-05-25,171.0809783935547,115.0,123.50482177734375,320.4029541015625,184.47000122070312
2023-05-26,173.49403381347656,120.11000061035156,124.57747650146484,327.25494384765625,193.1699981689453
2023-05-30,175.34341430664062,121.66000366210938,123.79285430908203,325.6034240722656,201.16000366210938
2023-05-31,175.2939910888672,120.58000183105469,122.531494140625,322.8311462402344,203.92999267578125
2023-06-01,178.10264587402344,122.7699966430664,123.52468872070312,326.9501953125,207.52000427246094
2023-06-02,178.95314025878906,124.25,124.37884521484375,329.7225036621094,213.97000122070312
2023-06-05,177.59825134277344,125.30000305175781,125.76932525634766,330.25335693359375,217.61000061035156
2023-06-06,177.2323760986328,126.61000061035156,127.0406265258789,328.0316467285156,221.30999755859375
2023-06-07,175.85768127441406,121.2300033569336,122.10440826416016,317.906005859375,224.57000732421875
2023-06-08,178.57733154296875,124.25,121.83625030517578,319.754150390625,234.86000061035156
2023-06-09,178.96304321289062,123.43000030517578,122.03487396240234,321.25823974609375,244.39999389648438
2023-06-12,181.7617950439453,126.56999969482422,123.50482177734375,326.23260498046875,249.8300018310547
2023-06-13,181.28709411621094,126.66000366210938,123.58427429199219,328.6312561035156,258.7099914550781
2023-06-14,181.9200439453125,126.41999816894531,123.53462219238281,331.6296691894531,256.7900085449219
2023-06-15,183.95729064941406,127.11000061035156,124.9350357055664,342.20751953125,255.89999389648438
2023-06-16,182.8793182373047,125.48999786376953,123.216796875,336.53515625,260.5400085449219
2023-06-20,182.96832275390625,125.77999877929688,123.00821685791016,332.32763671875,274.45001220703125
2023-06-21,181.929931640625,124.83000183105469,120.43582916259766,327.91363525390625,259.4599914550781
2023-06-22,184.93638610839844,130.14999389648438,123.02809143066406,333.9595031738281,264.6099853515625
2023-06-23,184.61990356445312,129.3300018310547,122.18386840820312,329.348876953125,256.6000061035156
2023-06-26,183.2254638671875,127.33000183105469,118.28057861328125,323.0375671386719,241.0500030517578
2023-06-27,185.98468017578125,129.17999267578125,118.20113372802734,328.90655517578125,250.2100067138672
2023-06-28,187.16152954101562,129.0399932861328,120.2570571899414,330.16485595703125,256.239990234375
2023-06-29,187.49778747558594,127.9000015258789,119.19432067871094,329.37835693359375,257.5
2023-06-30,191.8294677734375,130.36000061035156,120.14779663085938,334.77545166015625,261.7699890136719
2023-07-03,190.33615112304688,130.22000122070312,119.74058532714844,332.2686462402344,279.82000732421875
2023-07-05,189.21861267089844,130.3800048828125,121.79651641845703,332.4259948730469,282.4800109863281
2023-07-06,189.69329833984375,128.36000061035156,120.10807037353516,335.4931335449219,276.5400085449219
2023-07-07,188.57574462890625,129.77999877929688,119.32344818115234,331.51171875,274.42999267578125
2023-07-10,186.5286102294922,127.12999725341797,116.07566833496094,326.2128601074219,269.6099853515625
2023-07-11,186.00445556640625,128.77999877929688,116.90995025634766,326.8420715332031,269.7900085449219
2023-07-12,187.67581176757812,130.8000030517578,118.80697631835938,331.4920349121094,271.989990234375
2023-07-13,188.43731689453125,134.3000030517578,123.9815673828125,336.85955810546875,277.8999938964844
2023-07-14,188.5856475830078,134.67999267578125,124.84564208984375,339.3959045410156,281.3800048828125
2023-07-17,191.8492431640625,133.55999755859375,124.20999908447266,339.87762451171875,290.3800048828125
2023-07-18,191.5921173095703,132.8300018310547,123.23665618896484,353.40472412109375,293.3399963378906
2023-07-19,192.94699096679688,135.36000061035156,121.94549560546875,349.0693054199219,291.260009765625
2023-07-20,190.99874877929688,129.9600067138672,118.71758270263672,340.998291015625,262.8999938964844
2023-07-21,189.82186889648438,130.0,119.49227905273438,337.9508056640625,260.0199890136719
2023-07-24,190.6229248046875,128.8000030517578,121.05162048339844,339.2680969238281,269.05999755859375
2023-07-25,191.4833221435547,129.1300048828125,121.95542907714844,345.0387878417969,265.2799987792969
2023-07-26,192.3535919189453,128.14999389648438,128.77871704101562,332.0523681640625,264.3500061035156
2023-07-27,191.0877227783203,128.25,128.9873046875,325.1217041015625,255.7100067138672
2023-07-28,193.6689453125,132.2100067138672,132.10597229003906,332.6422424316406,266.44000244140625
2023-07-31,194.2821044921875,133.67999267578125,132.20529174804688,330.2336730957031,267.42999267578125
2023-08-01,193.4513702392578,131.69000244140625,130.9935760498047,330.6465759277344,261.07000732421875
2023-08-02,190.45480346679688,128.2100067138672,127.76567077636719,321.9562072753906,254.11000061035156
2023-08-03,189.0603485107422,128.91000366210938,127.89479064941406,321.13043212890625,259.32000732421875
2023-08-04,179.98167419433594,139.57000732421875,127.66633605957031,322.23150634765625,253.86000061035156
2023-08-07,176.87632751464844,142.22000122070312,131.04322814941406,324.5220031738281,251.4499969482422
2023-08-08,177.81581115722656,139.94000244140625,130.94390869140625,320.5307312011719,249.6999969482422
2023-08-09,176.22361755371094,137.85000610351562,129.26539611816406,316.77545166015625,242.19000244140625
2023-08-10,176.00604248046875,138.55999755859375,129.32501220703125,317.4635925292969,245.33999633789062
2023-08-11,176.0654296875,138.41000366210938,129.28526306152344,315.5760803222656,242.64999389648438
2023-08-14,177.7192840576172,140.57000732421875,130.93399047851562,318.5548095703125,239.75999450683594
2023-08-15,175.728759765625,137.6699981689453,129.3845977783203,316.4116516113281,232.9600067138672
2023-08-16,174.85728454589844,135.07000732421875,128.2324676513672,315.6432800292969,225.60000610351562
2023-08-17,172.31222534179688,133.97999572753906,129.5732879638672,312.1755065917969,219.22000122070312
2023-08-18,172.7974853515625,133.22000122070312,127.2392807006836,311.781494140625,215.49000549316406
2023-08-21,174.1343536376953,134.67999267578125,128.05369567871094,317.10125732421875,231.27999877929688
2023-08-22,175.51087951660156,134.25,128.8085174560547,317.67266845703125,233.19000244140625
2023-08-23,179.3631591796875,135.52000427246094,132.3046112060547,322.145263671875,236.86000061035156
2023-08-24,174.66912841796875,131.83999633789062,129.5335693359375,315.21966552734375,230.0399932861328
2023-08-25,176.8775177001953,133.25999450683594,129.80172729492188,318.1849670410156,238.58999633789062
2023-08-28,178.44215393066406,133.13999938964844,130.8942413330078,318.894287109375,238.82000732421875
2023-08-29,182.3340606689453,134.91000366210938,134.56912231445312,323.53436279296875,257.17999267578125
2023-08-30,185.82981872558594,135.07000732421875,135.99929809570312,323.90875244140625,256.8999938964844
2023-08-31,186.04766845703125,138.00999450683594,136.4164581298828,322.8940124511719,258.0799865722656
2023-09-01,187.62228393554688,138.1199951171875,135.87020874023438,323.7806396484375,245.00999450683594
2023-09-05,187.85989379882812,137.27000427246094,135.7808380126953,328.5980224609375,256.489990234375
2023-09-06,181.1357879638672,135.36000061035156,134.44992065429688,327.9380187988281,251.9199981689453
2023-09-07,175.83766174316406,137.85000610351562,135.27427673339844,325.0120849609375,251.49000549316406
2023-09-08,176.45164489746094,138.22999572753906,136.26748657226562,329.3073425292969,248.5
2023-09-11,177.62022399902344,143.10000610351562,136.80384826660156,332.9228820800781,273.5799865722656
2023-09-12,174.58990478515625,141.22999572753906,135.14517211914062,326.84442138671875,267.4800109863281
2023-09-13,172.5201873779297,144.85000610351562,136.56546020507812,331.07073974609375,271.29998779296875
2023-09-14,174.03533935546875,144.72000122070312,138.04531860351562,333.671630859375,276.0400085449219
2023-09-15,173.3124237060547,140.38999938964844,137.36000061035156,325.3174743652344,274.3900146484375
2023-09-18,176.2436981201172,139.97999572753906,138.01553344726562,324.1747131347656,265.2799987792969
2023-09-19,177.3330535888672,137.6300048828125,137.88641357421875,323.7707824707031,266.5
2023-09-20,173.7877655029297,135.2899932861328,133.6752166748047,316.00775146484375,262.5899963378906
2023-09-21,172.2428741455078,129.3300018310547,130.46717834472656,314.7861633300781,255.6999969482422
2023-09-22,173.09454345703125,129.1199951171875,130.35792541503906,312.3036193847656,244.8800048828125
2023-09-25,174.37205505371094,131.27000427246094,131.27166748046875,312.8257751464844,246.99000549316406
2023-09-26,170.2919921875,125.9800033569336,128.57015991210938,307.5058898925781,244.1199951171875
2023-09-27,168.77685546875,125.9800033569336,130.56649780273438,308.146240234375,240.5
2023-09-28,169.03433227539062,125.9800033569336,132.22515869140625,308.9836730957031,246.3800048828125
2023-09-29,169.54930114746094,127.12000274658203,130.95387268066406,311.062255859375,250.22000122070312
2023-10-02,172.06463623046875,129.4600067138672,134.2512664794922,317.0224914550781,251.60000610351562
2023-10-03,170.7277069091797,124.72000122070312,132.3939971923828,308.7373962402344,246.52999877929688
2023-10-04,171.97549438476562,127.0,135.3437957763672,314.2247009277344,261.1600036621094
2023-10-05,173.21339416503906,125.95999908447266,135.06570434570312,314.61865234375,260.04998779296875
2023-10-06,175.7683563232422,127.95999908447266,137.78709411621094,322.40142822265625,260.5299987792969
2023-10-09,177.25381469726562,128.25999450683594,138.55184936523438,324.9234619140625,259.6700134277344
2023-10-10,176.65960693359375,129.47999572753906,138.25389099121094,323.5146789550781,263.6199951171875
2023-10-11,178.0559539794922,131.8300018310547,140.7368927001953,327.4848327636719,262.989990234375
2023-10-12,178.95712280273438,132.3300018310547,139.3364715576172,326.2434997558594,258.8699951171875
2023-10-13,177.11517333984375,129.7899932861328,137.63812255859375,322.8644714355469,251.1199951171875
2023-10-16,176.98641967773438,132.5500030517578,139.53512573242188,327.7015380859375,253.9199981689453
2023-10-17,175.43167114257812,131.47000122070312,140.03173828125,327.130126953125,254.85000610351562
2023-10-18,174.1343536376953,128.1300048828125,138.33334350585938,325.2091064453125,242.67999267578125
2023-10-19,173.758056640625,128.39999389648438,138.03538513183594,326.4012145996094,220.11000061035156
2023-10-20,171.2030792236328,125.16999816894531,135.81060791015625,321.8201904296875,211.99000549316406
2023-10-23,171.32191467285156,126.55999755859375,136.9627227783203,324.4308776855469,212.0800018310547
2023-10-24,171.7576141357422,128.55999755859375,139.16763305664062,325.6228942871094,216.52000427246094
2023-10-25,169.4403533935547,121.38999938964844,125.80905151367188,335.6123962402344,212.4199981689453
2023-10-26,165.27114868164062,119.56999969482422,122.60100555419922,323.0220642089844,205.75999450683594
2023-10-27,166.58827209472656,127.73999786376953,122.56127166748047,324.9135437011719,207.3000030517578
2023-10-30,168.63819885253906,132.7100067138672,124.89530944824219,332.3022155761719,197.36000061035156
2023-10-31,169.11354064941406,133.08999633789062,124.44837951660156,333.0903625488281,200.83999633789062
2023-11-01,172.28250122070312,137.0,126.70294189453125,340.9322204589844,205.66000366210938
2023-11-02,175.8475799560547,138.07000732421875,127.70606231689453,343.1488037109375,218.50999450683594
2023-11-03,174.93650817871094,138.60000610351562,129.48391723632812,347.562255859375,219.9600067138672
2023-11-06,177.49147033691406,139.74000549316406,130.5565643310547,351.23687744140625,219.27000427246094
2023-11-07,180.05636596679688,142.7100067138672,131.5001220703125,355.177490234375,222.17999267578125
2023-11-08,181.115966796875,142.0800018310547,132.354248046875,357.8078918457031,222.11000061035156
2023-11-09,180.64060974121094,140.60000610351562,130.79495239257812,355.3351135253906,209.97999572753906
2023-11-10,184.83511352539062,143.55999755859375,133.14883422851562,364.1817932128906,214.64999389648438
2023-11-13,183.24856567382812,142.58999633789062,132.73167419433594,361.2361755371094,223.7100067138672
2023-11-14,185.8664093017578,145.8000030517578,134.50950622558594,364.77288818359375,237.41000366210938
2023-11-15,186.43161010742188,143.1999969482422,135.45306396484375,364.92095947265625,242.83999633789062
2023-11-16,188.11734008789062,142.8300018310547,137.75729370117188,371.33746337890625,233.58999633789062
2023-11-17,188.09750366210938,145.17999267578125,136.00926208496094,365.0986633300781,234.3000030517578
2023-11-20,189.8427276611328,146.1300048828125,136.98257446289062,372.5911560058594,235.60000610351562
2023-11-21,189.03953552246094,143.89999389648438,137.67782592773438,368.2773132324219,241.1999969482422
2023-11-22,189.70388793945312,146.7100067138672,139.06832885742188,372.995849609375,234.2100067138672
2023-11-24,188.37513732910156,146.74000549316406,137.28054809570312,372.581298828125,235.4499969482422
2023-11-27,188.19664001464844,147.72999572753906,137.11170959472656,373.74615478515625,236.0800018310547
2023-11-28,188.80152893066406,147.02999877929688,137.67782592773438,377.78363037109375,246.72000122070312
2023-11-29,187.78016662597656,146.32000732421875,135.47293090820312,373.9830322265625,244.13999938964844
2023-11-30,188.35531616210938,146.08999633789062,133.00978088378906,374.042236328125,240.0800018310547
2023-12-01,189.63450622558594,147.02999877929688,132.4138641357422,369.69879150390625,238.8300018310547
2023-12-04,187.8396759033203,144.83999633789062,129.74215698242188,364.3977966308594,235.5800018310547
2023-12-05,191.79617309570312,146.8800048828125,131.4901885986328,367.73431396484375,238.72000122070312
2023-12-06,190.7054443359375,144.52000427246094,130.5366973876953,364.0621337890625,239.3699951171875
2023-12-07,192.63905334472656,146.8800048828125,137.5089874267578,366.1845397949219,242.63999938964844
2023-12-08,194.06695556640625,147.4199981689453,135.7113037109375,369.4223937988281,243.83999633789062
2023-12-11,191.5581817626953,145.88999938964844,133.78448486328125,366.5300598144531,239.74000549316406
2023-12-12,193.0753631591797,147.47999572753906,132.73167419433594,369.5704650878906,237.00999450683594
2023-12-13,196.29808044433594,148.83999633789062,133.05943298339844,369.5605773925781,239.2899932861328
2023-12-14,196.4468231201172,147.4199981689453,132.294677734375,361.2290344238281,251.0500030517578
2023-12-15,195.91136169433594,149.97000122070312,132.9303436279297,365.9673156738281,253.5
2023-12-18,194.2454376220703,154.07000732421875,136.257568359375,367.8626403808594,252.0800018310547
2023-12-19,195.28663635253906,153.7899932861328,137.161376953125,368.46484375,257.2200012207031
2023-12-20,193.19436645507812,152.1199951171875,138.71078491210938,365.8587341308594,247.13999938964844
2023-12-21,193.04559326171875,153.83999633789062,140.8362274169922,368.74127197265625,254.5
2023-12-22,191.97467041015625,153.4199981689453,141.74996948242188,369.7678527832031,252.5399932861328
2023-12-26,191.42930603027344,153.41000366210938,141.8493194580078,369.84686279296875,256.6099853515625
2023-12-27,191.52845764160156,153.33999633789062,140.47866821289062,369.26446533203125,261.44000244140625
2023-12-28,191.95484924316406,153.3800048828125,140.31973266601562,370.4588928222656,253.17999267578125
2023-12-29,190.9136505126953,151.94000244140625,139.9721221923828,371.20916748046875,248.47999572753906
